{
  "AD3": {
    "0": 39.71920122318505,
    "1": 167.41332027775343,
    "2": 77.95880399387856,
    "3": 311.3808876526886,
    "4": 173.11844242545922,
    "avg": 153.918131114593
  },
  "AD6": {
    "0": 13.358560176693837,
    "1": 32.37432238569601,
    "2": 23.739111205224564,
    "3": 79.45270798385823,
    "4": 42.37250415433068,
    "avg": 38.25944118116066
  }
}